{
  "$schema": "https://vega.github.io/schema/vega-lite/v5.json",
  "title": "Global Renewable Energy Share (% of Equivalent Primary Energy) in 2023",
  "width": 800,
  "height": 500,
  "projection": {"type": "equalEarth"},
  "layer": [
    {
      "data": {
        "url": "https://raw.githubusercontent.com/FIT3179/Vega-Lite/main/7_others/oceans.topojson",
        "format": {
          "type": "topojson",
          "feature": "oceans"
        }
      },
      "mark": {
        "type": "geoshape",
        "fill": "#b9d8f6"
      }
    },
    {
      "data": {
        "url": "https://raw.githubusercontent.com/hangsheng0625/FIT3179_A2/main/js/ne_110m_graticules_30.json",
        "format": {
          "type": "topojson",
          "feature": "ne_110m_graticules_30"
        }
      },
      "mark": {
        "type": "geoshape",
        "fill": null,
        "stroke": "#bdbcbc"
      }
    },
    {
      "data": {
        "url": "https://raw.githubusercontent.com/hangsheng0625/FIT3179_A2/main/js/ne_110m_admin_0_countries.json",
        "format": {"type": "topojson", "feature": "ne_110m_admin_0_countries"}
      },
      "transform": [
        {
          "lookup": "properties.NAME",
          "from": {
            "data": {
              "url": "https://raw.githubusercontent.com/hangsheng0625/FIT3179_A2/main/data/renewable-share-energy-(map).csv"
            },
            "key": "Entity",
            "fields": ["Year", "Renewables (% equivalent primary energy)"]
          }
        }
      ],
      "params": [
        {
          "name": "pointCountry",
          "select": {
            "type": "point",
            "on": "click"
          }
        }
      ],
      "mark": {"type": "geoshape", "stroke": "#e5e5e5"},
      "encoding": {
        "color": {
          "field": "Renewables (% equivalent primary energy)",
          "type": "quantitative",
          "scale": {"scheme": "bluegreen", "domain": [0, 100]},
          "title": "Renewable Energy Share (%)"
        },
        "tooltip": [
          {"field": "properties.NAME", "type": "nominal", "title": "Country"},
          {
            "field": "Renewables (% equivalent primary energy)",
            "type": "quantitative",
            "title": "Renewable Energy Share (%)",
            "format": ".2f"
          }
        ],
        "fillOpacity": {
          "condition": {
            "param": "pointCountry",
            "value": 1
          },
          "value": 0.3
        }
      }
    },
    {
      "mark": {"type": "text", "fontSize": 13, "fontWeight": "normal", "color": "darkgreen"},
      "encoding": {
        "x": {"value": 330},
        "y": {"value": 240},
        "text": {"value": "Iceland has the"}
      }
    },
    {
      "mark": {"type": "text", "fontSize": 20, "fontWeight": "bold", "color": "darkgreen"},
      "encoding": {
        "x": {"value": 415},
        "y": {"value": 240},
        "text": {"value": "highest"}
      }
    },
    {
      "mark": {"type": "text", "fontSize": 13, "fontWeight": "normal", "color": "darkgreen"},
      "encoding": {
        "x": {"value": 485},
        "y": {"value": 240},
        "text": {"value": "renewable"}
      }
    },
    {
      "mark": {"type": "text", "fontSize": 13, "fontWeight": "normal", "color": "darkgreen"},
      "encoding": {
        "x": {"value": 405},
        "y": {"value": 260},
        "text": {"value": "energy share"}
      }
    }
  ]
}
