{
    "$schema": "https://vega.github.io/schema/vega-lite/v5.json",
    "vconcat": [
      {
        "title": "Global Renewable Energy Share (% of Equivalent Primary Energy) - 2023",
        "width": 800,
        "height": 500,
        "projection": {"type": "equalEarth"},
        "layer": [
          {
            "data": {
              "url": "https://raw.githubusercontent.com/FIT3179/Vega-Lite/main/7_others/oceans.topojson",
              "format": {
                "type": "topojson",
                "feature": "oceans"
              }
            },
            "mark": {
              "type": "geoshape",
              "fill": "#b9d8f6"
            }
          },
          {
            "data": {
              "url": "https://raw.githubusercontent.com/hangsheng0625/FIT3179_A2/main/js/ne_110m_graticules_30.json",
              "format": {
                "type": "topojson",
                "feature": "ne_110m_graticules_30"
              }
            },
            "mark": {
              "type": "geoshape",
              "fill": null,
              "stroke": "#bdbcbc"
            }
          },
          {
            "data": {
              "url": "https://raw.githubusercontent.com/hangsheng0625/FIT3179_A2/main/js/ne_110m_admin_0_countries.json",
              "format": {"type": "topojson", "feature": "ne_110m_admin_0_countries"}
            },
            "transform": [
              {
                "lookup": "properties.NAME",
                "from": {
                  "data": {
                    "url": "https://raw.githubusercontent.com/hangsheng0625/FIT3179_A2/main/data/renewable-share-energy-(map).csv"
                  },
                  "key": "Entity",
                  "fields": ["Year", "Renewables (% equivalent primary energy)"]
                }
              },
              {
                "filter": "datum.Year == 2023"
              }
            ],
            "params": [
              {
                "name": "pointCountry",
                "select": {
                  "type": "point",
                  "on": "click"
                }
              }
            ],
            "mark": {"type": "geoshape", "stroke": "#e5e5e5"},
            "encoding": {
              "color": {
                "field": "Renewables (% equivalent primary energy)",
                "type": "quantitative",
                "scale": {"scheme": "bluegreen", "domain": [0, 100]},
                "title": "Renewable Energy Share (%)"
              },
              "tooltip": [
                {"field": "properties.NAME", "type": "nominal", "title": "Country"},
                {
                  "field": "Renewables (% equivalent primary energy)",
                  "type": "quantitative",
                  "title": "Renewable Energy Share (%)",
                  "format": ".2f"
                }
              ],
              "fillOpacity": {
                "condition": {
                  "param": "pointCountry",
                  "value": 1
                },
                "value": 0.3
              }
            }
          },
          {
            "mark": {"type": "text", "fontSize": 13, "fontWeight": "normal", "color": "darkgreen"},
            "encoding": {
              "x": {"value": 330},
              "y": {"value": 240},
              "text": {"value": "Iceland has the"}
            }
          },
          {
            "mark": {"type": "text", "fontSize": 20, "fontWeight": "bold", "color": "darkgreen"},
            "encoding": {
              "x": {"value": 415},
              "y": {"value": 240},
              "text": {"value": "highest"}
            }
          },
          {
            "mark": {"type": "text", "fontSize": 13, "fontWeight": "normal", "color": "darkgreen"},
            "encoding": {
              "x": {"value": 485},
              "y": {"value": 240},
              "text": {"value": "renewable"}
            }
          },
          {
            "mark": {"type": "text", "fontSize": 13, "fontWeight": "normal", "color": "darkgreen"},
            "encoding": {
              "x": {"value": 405},
              "y": {"value": 260},
              "text": {"value": "energy share in 2023"}
            }
          }
        ]
      },
      {
        "title": "Renewable Energy Generation by Source Over Time",
        "width": 800,
        "height": 400,
        "data": {
          "url": "https://raw.githubusercontent.com/hangsheng0625/FIT3179_A2/main/data/modern-renewable-energy-consumption.csv"
        },
        "transform": [
          {
            "fold": [
              "Other renewables (including geothermal and biomass) electricity generation - TWh",
              "Solar generation - TWh",
              "Wind generation - TWh",
              "Hydro generation - TWh"
            ],
            "as": ["Electricity_source", "Value"]
          }
        ],
        "mark": "area",
        "params": [
          {
            "name": "source_highlight",
            "select": {
              "type": "point",
              "fields": ["Electricity_source"]
            },
            "bind": "legend"
          }
        ],
        "encoding": {
          "x": {
            "field": "Year",
            "type": "temporal",
            "axis": {
              "grid": false,
              "tickCount": 10
            }
          },
          "y": {
            "aggregate": "sum",
            "field": "Value",
            "title": "Total Electricity Generation (TWh)",
            "stack": true
          },
          "color": {
            "field": "Electricity_source",
            "type": "nominal",
            "title": null,
            "scale": {
              "domain": [
                "Other renewables (including geothermal and biomass) electricity generation - TWh",
                "Solar generation - TWh",
                "Wind generation - TWh",
                "Hydro generation - TWh"
              ],
              "range": [
                "#a65628",
                "#4daf4a",
                "#377eb8",
                "#984ea3"
              ]
            },
            "legend": {
              "orient": "right",
              "labelFontSize": 12,
              "titleFontSize": 12
            }
          },
          "opacity": {
            "condition": {"param": "source_highlight", "value": 1},
            "value": 0.2
          },
          "tooltip": [
            {
              "field": "Electricity_source",
              "type": "nominal",
              "title": "Source of Electricity"
            },
            {
              "field": "Year",
              "type": "temporal",
              "format": "%Y",
              "title": "Year"
            },
            {
              "field": "Value",
              "type": "quantitative",
              "title": "Generation (TWh)",
              "format": ".2f"
            }
          ]
        }
      }
    ]
  }
  